Date,"Space-based solar power","Thorium-based nuclear power"
2015-07-01,304,362
2015-07-02,232,400
2015-07-03,311,335
2015-07-04,249,326
2015-07-05,248,497
2015-07-06,326,390
2015-07-07,351,478
2015-07-08,310,410
2015-07-09,266,471
2015-07-10,264,395
2015-07-11,259,399
2015-07-12,235,517
2015-07-13,272,598
2015-07-14,329,642
2015-07-15,394,607
2015-07-16,359,558
2015-07-17,257,555
2015-07-18,228,490
2015-07-19,238,572
2015-07-20,292,524
2015-07-21,318,478
2015-07-22,289,713
2015-07-23,261,576
2015-07-24,298,516
2015-07-25,178,417
2015-07-26,215,413
2015-07-27,284,543
2015-07-28,291,876
2015-07-29,308,542
2015-07-30,272,610
2015-07-31,262,570
2015-08-01,185,402
2015-08-02,229,412
2015-08-03,280,564
2015-08-04,308,756
2015-08-05,295,703
2015-08-06,271,606
2015-08-07,220,542
2015-08-08,205,498
2015-08-09,224,637
2015-08-10,212,666
2015-08-11,296,806
2015-08-12,226,698
2015-08-13,253,657
2015-08-14,224,653
2015-08-15,177,460
2015-08-16,187,542
2015-08-17,280,526
2015-08-18,306,568
2015-08-19,323,529
2015-08-20,263,548
2015-08-21,314,511
2015-08-22,213,443
2015-08-23,275,504
2015-08-24,323,478
2015-08-25,319,494
2015-08-26,256,489
2015-08-27,257,472
2015-08-28,216,462
2015-08-29,209,358
2015-08-30,258,394
2015-08-31,267,448
2015-09-01,260,465
2015-09-02,259,509
2015-09-03,290,514
2015-09-04,266,490
2015-09-05,198,368
2015-09-06,237,403
2015-09-07,293,473
2015-09-08,272,638
2015-09-09,312,548
2015-09-10,323,548
2015-09-11,283,716
2015-09-12,243,510
2015-09-13,231,534
2015-09-14,296,1600
2015-09-15,254,589
2015-09-16,275,1368
2015-09-17,305,708
2015-09-18,234,507
2015-09-19,220,431
2015-09-20,217,450
2015-09-21,308,657
2015-09-22,296,601
2015-09-23,268,564
2015-09-24,247,501
2015-09-25,272,525
2015-09-26,292,505
2015-09-27,294,533
2015-09-28,306,623
2015-09-29,343,625
2015-09-30,373,688
2015-10-01,345,508
2015-10-02,305,523
2015-10-03,231,440
2015-10-04,196,590
2015-10-05,381,601
2015-10-06,311,1462
2015-10-07,326,1652
2015-10-08,335,862
2015-10-09,289,639
2015-10-10,228,460
2015-10-11,255,495
2015-10-12,341,625
2015-10-13,333,755
2015-10-14,361,752
2015-10-15,495,588
2015-10-16,426,574
2015-10-17,246,479
2015-10-18,315,591
2015-10-19,386,638
2015-10-20,366,615
2015-10-21,311,937
2015-10-22,303,889
2015-10-23,295,665
2015-10-24,195,577
2015-10-25,207,548
2015-10-26,325,739
2015-10-27,522,752
2015-10-28,339,733
2015-10-29,414,669
2015-10-30,290,634
2015-10-31,221,513
2015-11-01,263,623
2015-11-02,329,714
2015-11-03,426,840
2015-11-04,368,714
2015-11-05,430,730
2015-11-06,306,683
2015-11-07,171,619
2015-11-08,209,556
2015-11-09,221,690
2015-11-10,273,663
2015-11-11,239,617
2015-11-12,285,652
2015-11-13,267,634
2015-11-14,229,465
2015-11-15,184,515
2015-11-16,278,628
2015-11-17,367,641
2015-11-18,318,659
2015-11-19,272,690
2015-11-20,274,563
2015-11-21,158,483
2015-11-22,244,35770
2015-11-23,293,1131
2015-11-24,334,574
2015-11-25,249,654
2015-11-26,260,602
2015-11-27,194,606
2015-11-28,198,618
2015-11-29,203,650
2015-11-30,289,885
2015-12-01,276,957
2015-12-02,329,943
2015-12-03,282,810
2015-12-04,286,695
2015-12-05,222,607
2015-12-06,282,715
2015-12-07,342,819
2015-12-08,325,852
2015-12-09,361,791
2015-12-10,289,776
2015-12-11,290,731
2015-12-12,300,942
2015-12-13,245,991
2015-12-14,315,1101
2015-12-15,305,840
2015-12-16,301,986
2015-12-17,296,723
2015-12-18,253,552
2015-12-19,173,475
2015-12-20,183,510
2015-12-21,202,567
2015-12-22,240,842
2015-12-23,226,743
2015-12-24,159,696
2015-12-25,137,638
2015-12-26,157,621
2015-12-27,193,540
2015-12-28,182,624
2015-12-29,223,501
2015-12-30,268,535
2015-12-31,182,490
2016-01-01,168,437
2016-01-02,181,559
2016-01-03,211,639
2016-01-04,274,636
2016-01-05,278,643
2016-01-06,261,681
2016-01-07,241,752
2016-01-08,261,697
2016-01-09,193,756
2016-01-10,238,556
2016-01-11,259,670
2016-01-12,286,731
2016-01-13,292,778
2016-01-14,276,781
2016-01-15,287,672
2016-01-16,256,561
2016-01-17,262,587
2016-01-18,311,693
2016-01-19,334,723
2016-01-20,324,682
2016-01-21,418,666
2016-01-22,352,689
2016-01-23,247,823
2016-01-24,287,819
2016-01-25,290,792
2016-01-26,298,820
2016-01-27,370,824
2016-01-28,326,854
2016-01-29,317,732
2016-01-30,263,740
2016-01-31,298,875
2016-02-01,336,894
2016-02-02,365,875
2016-02-03,291,867
2016-02-04,309,849
2016-02-05,304,749
2016-02-06,274,678
2016-02-07,285,714
2016-02-08,420,900
2016-02-09,443,805
2016-02-10,320,732
2016-02-11,328,709
2016-02-12,309,636
2016-02-13,220,609
2016-02-14,277,595
2016-02-15,374,690
2016-02-16,430,674
2016-02-17,455,664
2016-02-18,426,576
2016-02-19,430,551
2016-02-20,328,465
2016-02-21,384,568
2016-02-22,340,626
2016-02-23,351,626
2016-02-24,355,583
2016-02-25,341,616
2016-02-26,333,527
2016-02-27,276,434
2016-02-28,241,538
2016-02-29,334,530
2016-03-01,454,518
2016-03-02,485,590
2016-03-03,386,591
2016-03-04,430,525
2016-03-05,257,421
2016-03-06,307,509
2016-03-07,370,691
2016-03-08,350,616
2016-03-09,367,605
2016-03-10,278,634
2016-03-11,280,655
2016-03-12,274,551
2016-03-13,293,577
2016-03-14,364,697
2016-03-15,398,644
2016-03-16,377,617
2016-03-17,362,664
2016-03-18,387,605
2016-03-19,281,560
2016-03-20,303,530
2016-03-21,379,726
2016-03-22,317,3112
2016-03-23,270,775
2016-03-24,255,636
2016-03-25,217,562
2016-03-26,200,571
2016-03-27,280,550
2016-03-28,309,686
2016-03-29,338,610
2016-03-30,333,601
2016-03-31,314,604
2016-04-01,342,605
2016-04-02,234,496
2016-04-03,277,715
2016-04-04,304,691
2016-04-05,310,753
2016-04-06,320,679
2016-04-07,330,600
2016-04-08,272,532
2016-04-09,232,494
2016-04-10,281,544
2016-04-11,426,654
2016-04-12,453,611
2016-04-13,376,861
2016-04-14,317,648
2016-04-15,309,617
2016-04-16,282,480
2016-04-17,334,618
2016-04-18,309,662
2016-04-19,394,730
2016-04-20,313,659
2016-04-21,306,598
2016-04-22,319,529
2016-04-23,251,637
2016-04-24,337,623
2016-04-25,366,707
2016-04-26,336,1000
2016-04-27,325,750
2016-04-28,396,771
2016-04-29,339,539
2016-04-30,486,507
2016-05-01,283,500
2016-05-02,335,588
2016-05-03,328,638
2016-05-04,286,610
2016-05-05,252,643
2016-05-06,219,621
2016-05-07,217,434
2016-05-08,175,573
2016-05-09,287,677
2016-05-10,340,1965
2016-05-11,299,681
2016-05-12,295,727
2016-05-13,315,751
2016-05-14,197,624
2016-05-15,192,661
2016-05-16,273,582
2016-05-17,296,718
2016-05-18,322,649
2016-05-19,460,690
2016-05-20,277,567
2016-05-21,211,514
2016-05-22,271,554
2016-05-23,395,696
2016-05-24,336,771
2016-05-25,265,647
2016-05-26,368,590
2016-05-27,228,521
2016-05-28,165,474
2016-05-29,291,554
2016-05-30,282,638
2016-05-31,326,657
2016-06-01,376,591
2016-06-02,292,612
2016-06-03,296,648
2016-06-04,209,575
2016-06-05,211,598
2016-06-06,269,633
2016-06-07,298,620
2016-06-08,463,671
2016-06-09,278,680
2016-06-10,296,754
2016-06-11,221,566
2016-06-12,295,553
2016-06-13,294,549
2016-06-14,369,571
2016-06-15,338,528
2016-06-16,344,556
2016-06-17,287,541
2016-06-18,177,507
2016-06-19,234,478
2016-06-20,233,594
2016-06-21,406,593
2016-06-22,323,666
2016-06-23,252,669
2016-06-24,284,921
2016-06-25,263,833
2016-06-26,238,671
2016-06-27,255,629
2016-06-28,244,626
2016-06-29,247,528
2016-06-30,252,523
2016-07-01,228,519
2016-07-02,180,508
2016-07-03,221,422
2016-07-04,220,462
2016-07-05,296,435
2016-07-06,253,429
2016-07-07,274,424
2016-07-08,222,396
2016-07-09,213,361
2016-07-10,298,376
2016-07-11,343,437
2016-07-12,289,404
2016-07-13,224,412
2016-07-14,257,449
2016-07-15,263,349
2016-07-16,172,348
2016-07-17,251,400
2016-07-18,234,409
2016-07-19,277,470
2016-07-20,311,475
2016-07-21,280,468
2016-07-22,221,390
2016-07-23,250,369
2016-07-24,252,526
2016-07-25,336,473
2016-07-26,330,465
2016-07-27,310,542
2016-07-28,319,645
2016-07-29,284,864
2016-07-30,229,590
2016-07-31,270,514
2016-08-01,337,701
2016-08-02,302,612
2016-08-03,271,495
2016-08-04,261,539
2016-08-05,296,462
2016-08-06,214,403
2016-08-07,247,526
2016-08-08,301,497
2016-08-09,314,513
2016-08-10,279,475
2016-08-11,259,514
2016-08-12,262,509
2016-08-13,222,429
2016-08-14,236,413
2016-08-15,244,503
2016-08-16,275,526
2016-08-17,237,524
2016-08-18,262,592
2016-08-19,271,525
2016-08-20,230,447
2016-08-21,239,451
2016-08-22,307,504
2016-08-23,370,483
2016-08-24,381,577
2016-08-25,394,463
2016-08-26,361,441
2016-08-27,301,416
2016-08-28,382,444
2016-08-29,501,438
2016-08-30,474,572
2016-08-31,418,514
2016-09-01,340,443
2016-09-02,317,525
2016-09-03,238,529
2016-09-04,262,476
2016-09-05,281,608
2016-09-06,323,629
2016-09-07,356,560
2016-09-08,335,559
2016-09-09,353,534
2016-09-10,274,427
2016-09-11,320,577
2016-09-12,358,659
2016-09-13,360,603
2016-09-14,323,920
2016-09-15,340,1344
2016-09-16,328,926
2016-09-17,284,619
2016-09-18,316,873
2016-09-19,344,693
2016-09-20,330,1226
2016-09-21,376,1018
2016-09-22,360,763
2016-09-23,322,722
2016-09-24,263,598
2016-09-25,347,654
2016-09-26,362,698
2016-09-27,423,809
2016-09-28,473,765
2016-09-29,484,690
2016-09-30,405,591
2016-10-01,265,552
2016-10-02,316,598
2016-10-03,383,722
2016-10-04,472,689
2016-10-05,21356,757
2016-10-06,2142,723
2016-10-07,330,629
2016-10-08,266,527
2016-10-09,312,538
2016-10-10,376,710
2016-10-11,366,950
2016-10-12,362,868
2016-10-13,401,807
2016-10-14,445,741
2016-10-15,316,647
2016-10-16,343,2145
2016-10-17,502,3647
2016-10-18,430,778
2016-10-19,450,629
2016-10-20,363,683
2016-10-21,346,677
2016-10-22,254,585
2016-10-23,289,606
2016-10-24,348,614
2016-10-25,331,718
2016-10-26,360,733
2016-10-27,341,714
2016-10-28,291,552
2016-10-29,220,582
2016-10-30,315,580
2016-10-31,335,714
2016-11-01,322,700
2016-11-02,359,668
2016-11-03,352,689
2016-11-04,352,620
2016-11-05,299,577
2016-11-06,277,614
2016-11-07,424,723
2016-11-08,422,740
2016-11-09,311,606
2016-11-10,368,736
2016-11-11,320,768
2016-11-12,304,692
2016-11-13,298,635
2016-11-14,385,874
2016-11-15,343,872
2016-11-16,397,760
2016-11-17,424,840
2016-11-18,385,834
2016-11-19,320,757
2016-11-20,363,863
2016-11-21,442,1250
2016-11-22,450,1107
2016-11-23,341,890
2016-11-24,326,737
2016-11-25,288,685
2016-11-26,272,592
2016-11-27,337,838
2016-11-28,403,973
2016-11-29,428,1476
2016-11-30,397,1112
2016-12-01,405,852
2016-12-02,375,857
2016-12-03,310,690
2016-12-04,390,713
2016-12-05,456,828
2016-12-06,433,841
2016-12-07,383,811
2016-12-08,385,800
2016-12-09,375,736
2016-12-10,234,616
2016-12-11,282,585
2016-12-12,320,716
2016-12-13,962,649
2016-12-14,428,697
2016-12-15,333,638
2016-12-16,276,502
2016-12-17,225,558
2016-12-18,270,718
2016-12-19,320,744
2016-12-20,265,713
2016-12-21,338,670
2016-12-22,249,801
2016-12-23,210,622
2016-12-24,148,594
2016-12-25,191,505
2016-12-26,219,566
2016-12-27,231,571
2016-12-28,263,630
2016-12-29,235,680
2016-12-30,175,545
2016-12-31,158,479
2017-01-01,209,529
2017-01-02,305,711
2017-01-03,308,861
2017-01-04,264,845
2017-01-05,299,747
2017-01-06,278,706
2017-01-07,225,739
2017-01-08,277,837
2017-01-09,293,793
2017-01-10,285,809
2017-01-11,304,762
2017-01-12,294,1013
2017-01-13,287,797
2017-01-14,228,759
2017-01-15,304,757
2017-01-16,384,747
2017-01-17,394,825
2017-01-18,351,763
2017-01-19,360,748
2017-01-20,355,638
2017-01-21,242,516
2017-01-22,269,621
2017-01-23,334,680
2017-01-24,413,815
2017-01-25,347,860
2017-01-26,356,854
2017-01-27,295,682
2017-01-28,217,711
2017-01-29,282,729
2017-01-30,354,705
2017-01-31,350,734
2017-02-01,388,692
2017-02-02,343,700
2017-02-03,283,645
2017-02-04,217,587
2017-02-05,233,671
2017-02-06,348,730
2017-02-07,340,693
2017-02-08,424,731
2017-02-09,343,912
2017-02-10,296,798
2017-02-11,241,590
2017-02-12,250,676
2017-02-13,339,690
2017-02-14,382,695
2017-02-15,390,688
2017-02-16,401,665
2017-02-17,620,653
2017-02-18,289,657
2017-02-19,348,676
2017-02-20,365,771
2017-02-21,393,766
2017-02-22,386,718
2017-02-23,468,790
2017-02-24,362,713
2017-02-25,296,579
2017-02-26,336,804
2017-02-27,708,800
2017-02-28,500,744
2017-03-01,444,736
2017-03-02,386,844
2017-03-03,319,925
2017-03-04,252,595
2017-03-05,308,672
2017-03-06,344,741
2017-03-07,363,739
2017-03-08,374,662
2017-03-09,402,708
2017-03-10,349,655
2017-03-11,199,586
2017-03-12,359,627
2017-03-13,338,643
2017-03-14,379,741
2017-03-15,363,761
2017-03-16,379,878
2017-03-17,317,620
2017-03-18,295,508
2017-03-19,301,599
2017-03-20,404,698
2017-03-21,476,592
2017-03-22,396,654
2017-03-23,375,658
2017-03-24,349,540
2017-03-25,235,475
2017-03-26,253,546
2017-03-27,329,629
2017-03-28,362,723
2017-03-29,382,801
2017-03-30,374,823
2017-03-31,364,593
2017-04-01,248,507
2017-04-02,313,522
2017-04-03,399,632
2017-04-04,349,614
2017-04-05,338,662
2017-04-06,329,566
2017-04-07,288,553
2017-04-08,223,467
2017-04-09,251,603
2017-04-10,363,672
2017-04-11,310,593
2017-04-12,309,574
2017-04-13,265,581
2017-04-14,214,489
2017-04-15,186,468
2017-04-16,206,491
2017-04-17,338,590
2017-04-18,335,676
2017-04-19,328,707
2017-04-20,359,626
2017-04-21,256,633
2017-04-22,212,617
2017-04-23,240,823
2017-04-24,306,950
2017-04-25,358,723
2017-04-26,295,758
2017-04-27,256,731
2017-04-28,292,589
2017-04-29,236,498
2017-04-30,223,555
2017-05-01,308,670
2017-05-02,311,708
2017-05-03,293,680
2017-05-04,288,596
2017-05-05,239,527
2017-05-06,192,466
2017-05-07,209,474
2017-05-08,307,617
2017-05-09,288,705
2017-05-10,323,612
2017-05-11,267,610
2017-05-12,214,604
2017-05-13,192,526
2017-05-14,225,571
2017-05-15,310,529
2017-05-16,308,688
2017-05-17,293,811
2017-05-18,285,797
2017-05-19,268,789
2017-05-20,238,604
2017-05-21,234,2576
2017-05-22,305,763
2017-05-23,274,605
2017-05-24,276,608
2017-05-25,305,553
2017-05-26,219,467
2017-05-27,195,484
2017-05-28,217,545
2017-05-29,238,573
2017-05-30,262,619
2017-05-31,311,552
2017-06-01,253,777
2017-06-02,273,1004
2017-06-03,215,706
2017-06-04,222,626
2017-06-05,296,688
2017-06-06,341,766
2017-06-07,259,607
2017-06-08,235,653
2017-06-09,250,516
2017-06-10,196,492
2017-06-11,198,490
2017-06-12,273,513
2017-06-13,207,568
2017-06-14,268,533
2017-06-15,246,514
2017-06-16,217,451
2017-06-17,170,396
2017-06-18,162,437
2017-06-19,253,703
2017-06-20,281,677
2017-06-21,244,531
2017-06-22,235,584
2017-06-23,215,589
2017-06-24,205,505
2017-06-25,188,520
2017-06-26,223,531
2017-06-27,214,568
2017-06-28,246,558
2017-06-29,227,526
2017-06-30,194,507
2017-07-01,159,354
2017-07-02,181,1018
2017-07-03,239,682
2017-07-04,188,484
2017-07-05,254,537
2017-07-06,242,445
2017-07-07,220,582
2017-07-08,195,481
2017-07-09,213,442
2017-07-10,237,590
2017-07-11,239,576
2017-07-12,190,440
2017-07-13,288,450
2017-07-14,229,552
2017-07-15,188,399
2017-07-16,191,455
2017-07-17,268,467
2017-07-18,205,431
2017-07-19,228,584
2017-07-20,206,545
2017-07-21,234,451
2017-07-22,756,418
2017-07-23,227,493
2017-07-24,396,481
2017-07-25,283,474
2017-07-26,267,585
2017-07-27,256,481
2017-07-28,267,437
2017-07-29,245,379
2017-07-30,244,441
2017-07-31,293,487
2017-08-01,333,513
2017-08-02,278,517
2017-08-03,285,481
2017-08-04,217,428
2017-08-05,230,400
2017-08-06,229,467
2017-08-07,224,669
2017-08-08,308,607
2017-08-09,281,515
2017-08-10,250,479
2017-08-11,242,490
2017-08-12,167,425
2017-08-13,181,446
2017-08-14,245,471
2017-08-15,229,516
2017-08-16,254,485
2017-08-17,268,499
2017-08-18,229,393
2017-08-19,197,333
2017-08-20,213,374
2017-08-21,279,700
2017-08-22,258,1026
2017-08-23,252,637
2017-08-24,270,946
2017-08-25,267,686
2017-08-26,194,505
2017-08-27,237,517
2017-08-28,269,979
2017-08-29,288,810
2017-08-30,282,645
2017-08-31,281,584
2017-09-01,231,519
2017-09-02,181,484
2017-09-03,209,499
2017-09-04,244,530
2017-09-05,270,514
2017-09-06,276,530
2017-09-07,266,563
2017-09-08,228,531
2017-09-09,218,418
2017-09-10,248,504
2017-09-11,292,594
2017-09-12,295,652
2017-09-13,259,659
2017-09-14,310,609
2017-09-15,304,582
2017-09-16,204,552
2017-09-17,219,513
2017-09-18,239,540
2017-09-19,310,672
2017-09-20,275,532
2017-09-21,293,584
2017-09-22,347,493
2017-09-23,222,423
2017-09-24,235,537
2017-09-25,294,599
2017-09-26,313,568
2017-09-27,266,468
2017-09-28,230,452
2017-09-29,310,466
2017-09-30,242,402
2017-10-01,210,628
2017-10-02,237,492
2017-10-03,319,484
2017-10-04,337,481
2017-10-05,286,427
2017-10-06,247,423
2017-10-07,202,399
2017-10-08,353,444
2017-10-09,330,535
2017-10-10,299,589
2017-10-11,404,577
2017-10-12,320,518
2017-10-13,312,450
2017-10-14,221,380
2017-10-15,238,423
2017-10-16,342,508
2017-10-17,294,509
2017-10-18,273,474
2017-10-19,246,490
2017-10-20,250,483
2017-10-21,238,382
2017-10-22,245,457
2017-10-23,335,533
2017-10-24,333,543
2017-10-25,305,536
2017-10-26,286,539
2017-10-27,258,524
2017-10-28,223,345
2017-10-29,248,411
2017-10-30,386,516
2017-10-31,350,450
2017-11-01,396,473
2017-11-02,336,554
2017-11-03,307,485
2017-11-04,245,350
2017-11-05,265,406
2017-11-06,336,577
2017-11-07,276,481
2017-11-08,319,551
2017-11-09,345,574
2017-11-10,278,495
2017-11-11,205,383
2017-11-12,232,483
2017-11-13,340,620
2017-11-14,279,625
2017-11-15,310,597
2017-11-16,310,561
2017-11-17,293,539
2017-11-18,188,432
2017-11-19,227,492
2017-11-20,309,607
2017-11-21,297,634
2017-11-22,295,531
2017-11-23,268,486
2017-11-24,229,413
2017-11-25,214,369
2017-11-26,253,465
2017-11-27,329,523
2017-11-28,381,512
2017-11-29,332,508
2017-11-30,302,510
2017-12-01,235,446
2017-12-02,229,394
2017-12-03,277,387
2017-12-04,308,552
2017-12-05,402,575
2017-12-06,348,530
2017-12-07,280,582
2017-12-08,261,467
2017-12-09,202,410
2017-12-10,266,370
2017-12-11,302,521
2017-12-12,300,519
2017-12-13,294,500
2017-12-14,286,459
2017-12-15,246,385
2017-12-16,197,446
2017-12-17,276,442
2017-12-18,341,413
2017-12-19,236,438
2017-12-20,218,472
2017-12-21,229,392
2017-12-22,200,408
2017-12-23,162,361
2017-12-24,151,326
2017-12-25,163,371
2017-12-26,183,411
2017-12-27,192,441
2017-12-28,234,444
2017-12-29,219,384
2017-12-30,173,442
2017-12-31,139,431
2018-01-01,171,411
2018-01-02,407,435
2018-01-03,472,456
2018-01-04,296,430
2018-01-05,228,440
2018-01-06,208,441
2018-01-07,235,468
2018-01-08,260,506
2018-01-09,285,533
2018-01-10,323,536
2018-01-11,252,541
2018-01-12,261,506
2018-01-13,194,403
2018-01-14,239,480
2018-01-15,290,521
2018-01-16,279,518
2018-01-17,318,572
2018-01-18,460,494
2018-01-19,254,560
2018-01-20,223,430
2018-01-21,211,450
2018-01-22,355,624
2018-01-23,349,618
2018-01-24,337,593
2018-01-25,304,649
2018-01-26,214,618
2018-01-27,251,404
2018-01-28,232,509
2018-01-29,328,564
2018-01-30,320,603
2018-01-31,316,571
2018-02-01,274,607
2018-02-02,280,493
2018-02-03,247,381
2018-02-04,192,454
2018-02-05,366,569
2018-02-06,357,555
2018-02-07,446,555
2018-02-08,421,610
2018-02-09,303,531
2018-02-10,244,441
2018-02-11,291,494
2018-02-12,321,618
2018-02-13,335,602
2018-02-14,327,537
2018-02-15,351,612
2018-02-16,328,656
2018-02-17,260,450
2018-02-18,283,393
2018-02-19,324,526
2018-02-20,377,530
2018-02-21,307,516
2018-02-22,341,635
2018-02-23,289,727
2018-02-24,258,480
2018-02-25,397,542
2018-02-26,344,708
2018-02-27,374,605
2018-02-28,354,589
2018-03-01,299,578
2018-03-02,306,575
2018-03-03,231,452
2018-03-04,286,478
2018-03-05,322,770
2018-03-06,335,725
2018-03-07,324,558
2018-03-08,331,593
2018-03-09,296,579
2018-03-10,249,504
2018-03-11,271,601
2018-03-12,417,741
2018-03-13,345,672
2018-03-14,326,523
2018-03-15,361,562
2018-03-16,333,575
2018-03-17,242,515
2018-03-18,253,587
2018-03-19,363,917
2018-03-20,312,906
2018-03-21,358,832
2018-03-22,607,702
2018-03-23,310,711
2018-03-24,257,562
2018-03-25,263,586
2018-03-26,343,660
2018-03-27,341,703
2018-03-28,385,731
2018-03-29,390,686
2018-03-30,245,599
2018-03-31,377,612
2018-04-01,263,547
2018-04-02,338,586
2018-04-03,347,615
2018-04-04,377,700
2018-04-05,318,641
2018-04-06,225,506
2018-04-07,234,522
2018-04-08,229,545
2018-04-09,334,878
2018-04-10,327,578
2018-04-11,347,648
2018-04-12,326,647
2018-04-13,290,606
2018-04-14,227,430
2018-04-15,216,509
2018-04-16,297,607
2018-04-17,315,616
2018-04-18,354,595
2018-04-19,312,584
2018-04-20,348,581
2018-04-21,266,473
2018-04-22,288,440
2018-04-23,338,621
2018-04-24,290,606
2018-04-25,266,522
2018-04-26,297,554
2018-04-27,264,438
2018-04-28,168,428
2018-04-29,178,465
2018-04-30,276,605
2018-05-01,342,596
2018-05-02,299,636
2018-05-03,324,668
2018-05-04,313,570
2018-05-05,229,467
2018-05-06,236,522
2018-05-07,347,593
2018-05-08,282,561
2018-05-09,310,643
2018-05-10,285,527
2018-05-11,260,507
2018-05-12,192,375
2018-05-13,285,446
2018-05-14,372,574
2018-05-15,297,468
2018-05-16,257,474
2018-05-17,258,500
2018-05-18,239,458
2018-05-19,174,358
2018-05-20,179,405
2018-05-21,293,646
2018-05-22,258,553
2018-05-23,268,528
2018-05-24,246,516
2018-05-25,241,503
2018-05-26,166,408
2018-05-27,184,438
2018-05-28,233,474
2018-05-29,283,517
2018-05-30,271,496
2018-05-31,241,467
2018-06-01,240,476
2018-06-02,221,510
2018-06-03,182,470
2018-06-04,237,553
2018-06-05,290,592
2018-06-06,280,483
2018-06-07,278,583
2018-06-08,233,493
2018-06-09,159,411
2018-06-10,208,424
2018-06-11,241,458
2018-06-12,275,512
2018-06-13,212,466
2018-06-14,241,473
2018-06-15,204,392
2018-06-16,153,462
2018-06-17,153,425
2018-06-18,183,465
2018-06-19,267,396
2018-06-20,289,864
2018-06-21,217,2078
2018-06-22,256,439
2018-06-23,152,357
2018-06-24,175,365
2018-06-25,238,430
2018-06-26,242,405
2018-06-27,226,541
2018-06-28,224,499
2018-06-29,205,401
2018-06-30,163,367
2018-07-01,227,417
2018-07-02,298,439
2018-07-03,229,391
2018-07-04,218,436
2018-07-05,215,385
2018-07-06,166,375
2018-07-07,170,312
2018-07-08,184,402
2018-07-09,262,420
2018-07-10,286,384
2018-07-11,241,440
2018-07-12,248,485
2018-07-13,261,401
2018-07-14,212,354
2018-07-15,180,392
2018-07-16,252,414
2018-07-17,200,417
2018-07-18,230,413
2018-07-19,242,397
2018-07-20,260,393
2018-07-21,215,345
2018-07-22,296,391
2018-07-23,423,397
2018-07-24,281,417
2018-07-25,312,387
2018-07-26,325,413
2018-07-27,285,376
2018-07-28,213,382
2018-07-29,315,515
2018-07-30,420,512
2018-07-31,278,482
2018-08-01,357,426
2018-08-02,393,399
2018-08-03,382,369
2018-08-04,299,386
2018-08-05,235,396
2018-08-06,310,453
2018-08-07,299,507
2018-08-08,323,482
2018-08-09,256,451
2018-08-10,285,415
2018-08-11,190,332
2018-08-12,238,366
2018-08-13,271,485
2018-08-14,270,474
2018-08-15,257,460
2018-08-16,205,468
2018-08-17,258,444
2018-08-18,225,399
2018-08-19,236,464
2018-08-20,280,492
2018-08-21,248,500
2018-08-22,259,468
2018-08-23,325,519
2018-08-24,293,348
2018-08-25,174,346
2018-08-26,210,413
2018-08-27,237,454
2018-08-28,299,465
2018-08-29,272,491
2018-08-30,267,525
2018-08-31,243,418
2018-09-01,173,340
2018-09-02,199,339
2018-09-03,243,420
2018-09-04,274,459
2018-09-05,259,467
2018-09-06,272,498
2018-09-07,233,526
2018-09-08,232,410
2018-09-09,237,451
2018-09-10,288,532
2018-09-11,221,523
2018-09-12,253,606
2018-09-13,325,576
2018-09-14,232,486
2018-09-15,261,422
2018-09-16,250,484
2018-09-17,328,581
2018-09-18,252,538
2018-09-19,252,462
2018-09-20,278,464
2018-09-21,257,430
2018-09-22,225,351
2018-09-23,280,393
2018-09-24,324,539
2018-09-25,290,489
2018-09-26,282,578
2018-09-27,284,491
2018-09-28,255,380
2018-09-29,227,347
2018-09-30,194,385
2018-10-01,209,406
2018-10-02,264,424
2018-10-03,319,459
2018-10-04,315,460
2018-10-05,324,402
2018-10-06,232,336
2018-10-07,223,373
2018-10-08,297,583
2018-10-09,314,721
2018-10-10,304,621
2018-10-11,369,576
2018-10-12,293,476
2018-10-13,222,430
2018-10-14,277,479
2018-10-15,277,534
2018-10-16,347,602
2018-10-17,283,572
2018-10-18,301,815
2018-10-19,297,583
2018-10-20,230,434
2018-10-21,227,519
2018-10-22,311,622
2018-10-23,343,620
2018-10-24,347,553
2018-10-25,310,529
2018-10-26,359,523
2018-10-27,223,436
2018-10-28,270,409
2018-10-29,336,475
2018-10-30,393,532
2018-10-31,479,480
2018-11-01,310,558
2018-11-02,258,538
2018-11-03,237,414
2018-11-04,223,645
2018-11-05,269,916
2018-11-06,330,997
2018-11-07,245,882
2018-11-08,284,694
2018-11-09,289,551
2018-11-10,200,552
2018-11-11,259,556
2018-11-12,305,589
2018-11-13,339,703
2018-11-14,316,628
2018-11-15,384,953
2018-11-16,334,576
2018-11-17,218,516
2018-11-18,241,492
2018-11-19,296,609
2018-11-20,326,581
2018-11-21,247,577
2018-11-22,278,445
2018-11-23,219,487
2018-11-24,284,458
2018-11-25,251,478
2018-11-26,345,569
2018-11-27,352,719
2018-11-28,343,586
2018-11-29,333,601
2018-11-30,315,490
2018-12-01,242,420
2018-12-02,229,493
2018-12-03,380,696
2018-12-04,368,736
2018-12-05,325,641
2018-12-06,331,646
2018-12-07,309,613
2018-12-08,279,450
2018-12-09,306,504
2018-12-10,344,633
2018-12-11,387,835
2018-12-12,309,560
2018-12-13,307,572
2018-12-14,309,480
2018-12-15,244,533
2018-12-16,272,486
2018-12-17,284,507
2018-12-18,381,459
2018-12-19,267,495
2018-12-20,336,410
2018-12-21,256,377
2018-12-22,206,306
2018-12-23,199,337
2018-12-24,203,397
2018-12-25,194,364
2018-12-26,221,395
2018-12-27,256,383
2018-12-28,257,414
2018-12-29,194,460
2018-12-30,249,669
2018-12-31,266,525
2019-01-01,370,517
2019-01-02,346,585
2019-01-03,426,556
2019-01-04,350,505
2019-01-05,275,466
2019-01-06,284,467
2019-01-07,397,565
2019-01-08,375,500
2019-01-09,379,534
2019-01-10,344,478
2019-01-11,261,475
2019-01-12,215,434
2019-01-13,229,427
2019-01-14,345,484
2019-01-15,273,526
2019-01-16,335,569
2019-01-17,310,807
2019-01-18,254,572
2019-01-19,211,394
2019-01-20,259,434
2019-01-21,305,474
2019-01-22,330,508
2019-01-23,364,504
2019-01-24,388,596
2019-01-25,281,635
2019-01-26,219,491
2019-01-27,295,772
2019-01-28,334,660
2019-01-29,324,582
2019-01-30,333,647
2019-01-31,369,575
2019-02-01,355,589
2019-02-02,233,448
2019-02-03,256,777
2019-02-04,352,886
2019-02-05,315,784
2019-02-06,340,659
2019-02-07,335,856
2019-02-08,330,930
2019-02-09,252,647
2019-02-10,354,613
2019-02-11,423,647
2019-02-12,367,579
2019-02-13,366,680
2019-02-14,373,588
2019-02-15,398,586
2019-02-16,422,494
2019-02-17,453,500
2019-02-18,704,589
2019-02-19,1281,637
2019-02-20,608,670
2019-02-21,449,610
2019-02-22,385,606
2019-02-23,299,498
2019-02-24,298,517
2019-02-25,428,731
2019-02-26,432,692
2019-02-27,464,638
2019-02-28,338,705
2019-03-01,358,652
2019-03-02,274,616
2019-03-03,352,530
2019-03-04,540,658
2019-03-05,394,626
2019-03-06,401,657
2019-03-07,376,658
2019-03-08,385,711
2019-03-09,299,523
2019-03-10,285,632
2019-03-11,406,943
2019-03-12,396,849
2019-03-13,404,766
2019-03-14,392,876
2019-03-15,355,828
2019-03-16,316,822
2019-03-17,614,881
2019-03-18,717,918
2019-03-19,405,882
2019-03-20,339,830
2019-03-21,345,950
2019-03-22,343,861
2019-03-23,238,715
2019-03-24,297,709
2019-03-25,339,852
2019-03-26,346,730
2019-03-27,476,924
2019-03-28,367,1026
2019-03-29,304,886
2019-03-30,251,619
2019-03-31,247,730
2019-04-01,350,991
2019-04-02,443,774
2019-04-03,393,794
2019-04-04,267,841
2019-04-05,247,894
2019-04-06,251,669
2019-04-07,269,755
2019-04-08,341,935
2019-04-09,376,722
2019-04-10,355,756
2019-04-11,326,773
2019-04-12,273,557
2019-04-13,179,489
2019-04-14,208,586
2019-04-15,316,665
2019-04-16,302,664
2019-04-17,310,760
2019-04-18,250,693
2019-04-19,237,698
2019-04-20,222,578
2019-04-21,240,577
2019-04-22,314,767
2019-04-23,315,766
2019-04-24,303,721
2019-04-25,315,722
2019-04-26,309,665
2019-04-27,233,560
2019-04-28,284,600
2019-04-29,337,676
2019-04-30,276,713
2019-05-01,298,930
2019-05-02,296,710
2019-05-03,300,682
2019-05-04,267,534
2019-05-05,255,590
2019-05-06,329,792
2019-05-07,302,846
2019-05-08,325,1003
2019-05-09,314,914
2019-05-10,422,728
2019-05-11,229,646
2019-05-12,219,591
2019-05-13,286,801
2019-05-14,277,875
2019-05-15,248,900
2019-05-16,279,845
2019-05-17,273,878
2019-05-18,185,810
2019-05-19,158,725
2019-05-20,240,820
2019-05-21,293,990
2019-05-22,276,1015
2019-05-23,239,1028
2019-05-24,207,832
2019-05-25,176,816
2019-05-26,233,838
2019-05-27,280,1101
2019-05-28,347,1239
2019-05-29,260,1161
2019-05-30,258,1076
2019-05-31,223,1038
2019-06-01,196,924
2019-06-02,197,1223
2019-06-03,242,1325
2019-06-04,232,1569
2019-06-05,261,1443
2019-06-06,269,1297
2019-06-07,224,1322
2019-06-08,192,1096
2019-06-09,214,1174
2019-06-10,235,1291
2019-06-11,541,1236
2019-06-12,337,1206
2019-06-13,266,1169
2019-06-14,213,1031
2019-06-15,184,1001
2019-06-16,193,987
2019-06-17,263,1241
2019-06-18,238,1793
2019-06-19,828,1627
2019-06-20,312,1193
2019-06-21,252,1222
2019-06-22,184,999
2019-06-23,183,1017
2019-06-24,218,1248
2019-06-25,255,1269
2019-06-26,291,1191
2019-06-27,227,878
2019-06-28,226,951
2019-06-29,181,782
2019-06-30,197,799
2019-07-01,254,1219
2019-07-02,234,1399
2019-07-03,247,1084
2019-07-04,200,933
2019-07-05,210,897
2019-07-06,149,808
2019-07-07,176,895
2019-07-08,243,997
2019-07-09,553,791
2019-07-10,243,732
2019-07-11,251,999
2019-07-12,182,898
2019-07-13,195,669
2019-07-14,232,856
2019-07-15,220,731
2019-07-16,308,640
2019-07-17,274,664
2019-07-18,285,702
2019-07-19,269,676
2019-07-20,202,566
2019-07-21,226,664
2019-07-22,253,637
2019-07-23,327,635
2019-07-24,301,622
2019-07-25,305,878
2019-07-26,248,673
2019-07-27,185,491
2019-07-28,181,613
2019-07-29,241,655
2019-07-30,294,671
2019-07-31,245,560
2019-08-01,247,584
2019-08-02,213,789
2019-08-03,164,497
2019-08-04,231,871
2019-08-05,282,2026
2019-08-06,260,1212
2019-08-07,256,921
2019-08-08,217,704
2019-08-09,233,808
2019-08-10,195,608
2019-08-11,227,693
2019-08-12,261,942
2019-08-13,289,1004
2019-08-14,267,788
2019-08-15,258,629
2019-08-16,232,794
2019-08-17,185,570
2019-08-18,291,625
2019-08-19,341,755
2019-08-20,286,1019
2019-08-21,327,860
2019-08-22,314,822
2019-08-23,293,863
2019-08-24,233,664
2019-08-25,239,672
2019-08-26,275,1230
2019-08-27,321,2165
2019-08-28,284,1434
2019-08-29,329,1101
2019-08-30,271,774
2019-08-31,252,639
2019-09-01,239,705
2019-09-02,257,810
2019-09-03,310,797
2019-09-04,252,1196
2019-09-05,242,2433
2019-09-06,248,1386
2019-09-07,228,1721
2019-09-08,234,858
2019-09-09,272,965
2019-09-10,278,862
2019-09-11,372,891
2019-09-12,293,846
2019-09-13,360,793
2019-09-14,271,615
2019-09-15,262,752
2019-09-16,337,861
2019-09-17,361,952
2019-09-18,318,841
2019-09-19,397,881
2019-09-20,304,1212
2019-09-21,290,998
2019-09-22,287,981
2019-09-23,367,1220
2019-09-24,347,1467
2019-09-25,370,1384
2019-09-26,366,1331
2019-09-27,379,1271
2019-09-28,290,1066
2019-09-29,319,1046
2019-09-30,349,1127
2019-10-01,309,1071
2019-10-02,246,1103
2019-10-03,370,939
2019-10-04,365,873
2019-10-05,308,831
2019-10-06,264,836
2019-10-07,309,985
2019-10-08,352,942
2019-10-09,353,930
2019-10-10,316,866
2019-10-11,337,885
2019-10-12,463,751
2019-10-13,1032,859
2019-10-14,670,1080
2019-10-15,1038,1120
2019-10-16,333,948
2019-10-17,325,871
2019-10-18,294,864
2019-10-19,272,806
2019-10-20,281,824
2019-10-21,310,1703
2019-10-22,426,4472
2019-10-23,352,1469
2019-10-24,382,1170
2019-10-25,348,1143
2019-10-26,243,689
2019-10-27,287,734
2019-10-28,312,923
2019-10-29,357,996
2019-10-30,335,1097
2019-10-31,300,1026
2019-11-01,296,834
2019-11-02,282,811
2019-11-03,285,772
2019-11-04,453,1090
2019-11-05,631,1375
2019-11-06,396,1258
2019-11-07,388,988
2019-11-08,328,882
2019-11-09,255,795
2019-11-10,285,793
2019-11-11,565,960
2019-11-12,365,971
2019-11-13,406,1154
2019-11-14,361,1129
2019-11-15,299,771
2019-11-16,229,714
2019-11-17,314,801
2019-11-18,390,897
2019-11-19,334,891
2019-11-20,368,882
2019-11-21,337,1021
2019-11-22,313,884
2019-11-23,211,670
2019-11-24,264,750
2019-11-25,273,875
2019-11-26,413,1184
2019-11-27,315,831
2019-11-28,283,840
2019-11-29,260,722
2019-11-30,238,744
2019-12-01,282,842
2019-12-02,315,1128
2019-12-03,371,940
2019-12-04,345,844
2019-12-05,347,801
2019-12-06,303,778
2019-12-07,249,731
2019-12-08,257,707
2019-12-09,296,805
2019-12-10,404,767
2019-12-11,319,855
2019-12-12,262,812
2019-12-13,339,707
2019-12-14,242,731
2019-12-15,225,775
2019-12-16,255,745
2019-12-17,316,809
2019-12-18,280,750
2019-12-19,293,705
2019-12-20,225,6785
2019-12-21,203,1609
2019-12-22,198,1767
2019-12-23,226,1260
2019-12-24,196,1134
2019-12-25,218,844
2019-12-26,237,807
2019-12-27,215,880
2019-12-28,229,729
2019-12-29,216,744
2019-12-30,268,1004
2019-12-31,201,817
2020-01-01,230,819
2020-01-02,303,1046
2020-01-03,234,1056
2020-01-04,247,919
2020-01-05,256,963
2020-01-06,335,1276
2020-01-07,273,1188
2020-01-08,315,1097
2020-01-09,367,1180
2020-01-10,293,1022
2020-01-11,191,876
2020-01-12,252,1047
2020-01-13,303,1250
2020-01-14,254,1104
2020-01-15,290,1251
2020-01-16,305,1084
2020-01-17,263,936
2020-01-18,213,1055
2020-01-19,263,1233
2020-01-20,300,1113
2020-01-21,315,1108
2020-01-22,270,1258
2020-01-23,280,1017
2020-01-24,271,1130
2020-01-25,207,805
2020-01-26,218,760
2020-01-27,270,837
2020-01-28,291,965
2020-01-29,262,799
2020-01-30,269,866
2020-01-31,349,870
2020-02-01,225,699
2020-02-02,212,779
2020-02-03,273,854
2020-02-04,320,936
2020-02-05,291,778
2020-02-06,283,828
2020-02-07,294,787
2020-02-08,221,660
2020-02-09,273,693
2020-02-10,347,844
2020-02-11,373,917
2020-02-12,319,936
2020-02-13,306,889
2020-02-14,308,811
2020-02-15,267,602
2020-02-16,262,637
2020-02-17,311,763
2020-02-18,285,903
2020-02-19,330,913
2020-02-20,330,909
2020-02-21,249,737
2020-02-22,248,654
2020-02-23,249,638
2020-02-24,285,833
2020-02-25,291,739
2020-02-26,288,733
2020-02-27,267,649
2020-02-28,297,637
2020-02-29,230,569
2020-03-01,235,576
2020-03-02,330,705
2020-03-03,301,686
2020-03-04,310,689
2020-03-05,302,700
2020-03-06,363,653
2020-03-07,172,612
2020-03-08,182,599
2020-03-09,257,684
2020-03-10,253,795
2020-03-11,216,741
2020-03-12,219,528
2020-03-13,219,452
2020-03-14,180,389
2020-03-15,171,384
2020-03-16,190,469
2020-03-17,177,389
2020-03-18,175,421
2020-03-19,145,359
2020-03-20,150,305
2020-03-21,126,362
2020-03-22,146,337
2020-03-23,184,347
2020-03-24,154,343
2020-03-25,158,389
2020-03-26,160,400
2020-03-27,163,374
2020-03-28,163,344
2020-03-29,176,306
2020-03-30,206,464
2020-03-31,221,448
2020-04-01,189,473
2020-04-02,242,474
2020-04-03,175,369
2020-04-04,150,333
2020-04-05,172,368
2020-04-06,260,408
2020-04-07,244,390
2020-04-08,192,434
2020-04-09,200,456
2020-04-10,193,424
2020-04-11,176,375
2020-04-12,176,398
2020-04-13,237,420
2020-04-14,234,469
2020-04-15,250,509
2020-04-16,224,462
2020-04-17,214,471
2020-04-18,203,471
2020-04-19,183,488
2020-04-20,235,511
2020-04-21,286,563
2020-04-22,271,669
2020-04-23,261,592
2020-04-24,228,548
2020-04-25,210,480
2020-04-26,264,527
2020-04-27,259,672
2020-04-28,353,646
2020-04-29,285,761
2020-04-30,237,670
2020-05-01,208,665
2020-05-02,320,571
2020-05-03,300,624
2020-05-04,301,663
2020-05-05,247,572
2020-05-06,320,564
2020-05-07,351,492
2020-05-08,287,534
2020-05-09,384,464
2020-05-10,232,533
2020-05-11,284,509
2020-05-12,238,546
2020-05-13,226,559
2020-05-14,273,545
2020-05-15,275,507
2020-05-16,307,408
2020-05-17,351,533
2020-05-18,459,482
2020-05-19,297,555
2020-05-20,327,614
2020-05-21,210,532
2020-05-22,209,494
2020-05-23,212,407
2020-05-24,203,460
2020-05-25,228,517
2020-05-26,210,756
2020-05-27,249,545
2020-05-28,224,499
2020-05-29,230,411
2020-05-30,237,392
2020-05-31,245,416
2020-06-01,255,436
2020-06-02,219,390
2020-06-03,232,447
2020-06-04,333,448
2020-06-05,230,376
2020-06-06,177,395
2020-06-07,238,537
2020-06-08,239,527
2020-06-09,231,497
2020-06-10,226,575
2020-06-11,238,430
2020-06-12,231,328
2020-06-13,156,409
2020-06-14,209,406
2020-06-15,191,439
2020-06-16,212,421
2020-06-17,219,448
2020-06-18,219,392
2020-06-19,201,376
2020-06-20,167,352
2020-06-21,215,614
2020-06-22,237,510
2020-06-23,165,533
2020-06-24,181,487
2020-06-25,186,533
2020-06-26,214,487
2020-06-27,175,445
2020-06-28,213,513
2020-06-29,198,466
2020-06-30,163,508
2020-07-01,171,498
2020-07-02,130,417
2020-07-03,131,473
2020-07-04,144,459
2020-07-05,146,378
2020-07-06,187,444
2020-07-07,166,525
2020-07-08,165,538
2020-07-09,158,516
2020-07-10,203,427
2020-07-11,137,394
2020-07-12,165,415
2020-07-13,143,406
2020-07-14,197,434
2020-07-15,217,414
2020-07-16,163,447
2020-07-17,218,482
2020-07-18,183,433
2020-07-19,158,448
2020-07-20,226,422
2020-07-21,222,397
2020-07-22,234,498
2020-07-23,209,505
2020-07-24,172,463
2020-07-25,200,426
2020-07-26,179,597
2020-07-27,210,665
2020-07-28,189,661
2020-07-29,198,589
2020-07-30,201,507
2020-07-31,181,478
2020-08-01,180,415
2020-08-02,180,589
2020-08-03,209,576
2020-08-04,193,501
2020-08-05,159,471
2020-08-06,178,532
2020-08-07,164,511
2020-08-08,126,566
2020-08-09,141,541
2020-08-10,188,497
2020-08-11,162,503
2020-08-12,182,460
2020-08-13,183,555
2020-08-14,209,450
2020-08-15,207,471
2020-08-16,186,759
2020-08-17,195,570
2020-08-18,215,559
2020-08-19,231,654
2020-08-20,205,591
2020-08-21,185,570
2020-08-22,133,539
2020-08-23,205,622
2020-08-24,223,630
2020-08-25,218,570
2020-08-26,200,615
2020-08-27,210,573
2020-08-28,219,582
2020-08-29,191,499
2020-08-30,190,507
2020-08-31,172,543
2020-09-01,199,530
2020-09-02,205,568
2020-09-03,211,741
2020-09-04,195,527
2020-09-05,158,509
2020-09-06,164,547
2020-09-07,209,587
2020-09-08,215,660
2020-09-09,250,615
2020-09-10,273,671
2020-09-11,199,656
2020-09-12,221,641
2020-09-13,193,642
2020-09-14,231,732
2020-09-15,231,1043
2020-09-16,262,813
2020-09-17,246,789
2020-09-18,332,682
2020-09-19,240,628
2020-09-20,254,941
2020-09-21,261,713
2020-09-22,269,768
2020-09-23,213,966
2020-09-24,217,923
2020-09-25,225,868
2020-09-26,178,587
2020-09-27,221,697
2020-09-28,225,770
2020-09-29,233,885
2020-09-30,272,847
2020-10-01,203,703
2020-10-02,182,662
2020-10-03,201,553
2020-10-04,172,547
2020-10-05,193,697
2020-10-06,198,641
2020-10-07,210,570
2020-10-08,228,659
2020-10-09,223,525
2020-10-10,220,517
2020-10-11,203,579
2020-10-12,278,652
2020-10-13,314,632
2020-10-14,292,626
2020-10-15,424,646
2020-10-16,347,632
2020-10-17,245,533
2020-10-18,213,641
2020-10-19,248,680
2020-10-20,220,695
2020-10-21,236,759
2020-10-22,223,688
2020-10-23,222,845
2020-10-24,173,633
2020-10-25,192,654
2020-10-26,257,763
2020-10-27,243,734
2020-10-28,269,688
2020-10-29,251,623
2020-10-30,265,520
2020-10-31,210,514
2020-11-01,216,501
2020-11-02,304,615
2020-11-03,386,617
2020-11-04,204,578
2020-11-05,320,497
2020-11-06,266,1938
2020-11-07,258,634
2020-11-08,177,561
2020-11-09,221,690
2020-11-10,256,662
2020-11-11,322,626
2020-11-12,323,697
2020-11-13,255,569
2020-11-14,366,580
2020-11-15,276,568
2020-11-16,339,607
2020-11-17,328,639
2020-11-18,352,708
2020-11-19,289,633
2020-11-20,304,589
2020-11-21,218,605
2020-11-22,359,555
2020-11-23,303,563
2020-11-24,306,569
2020-11-25,302,574
2020-11-26,248,593
2020-11-27,305,964
2020-11-28,357,528
2020-11-29,264,545
2020-11-30,319,662
2020-12-01,287,660
2020-12-02,321,624
2020-12-03,351,655
2020-12-04,318,672
2020-12-05,286,568
2020-12-06,259,552
2020-12-07,246,609
2020-12-08,254,581
2020-12-09,301,651
2020-12-10,310,606
2020-12-11,254,573
2020-12-12,224,589
2020-12-13,240,613
2020-12-14,260,616
2020-12-15,304,681
2020-12-16,322,753
2020-12-17,268,567
2020-12-18,266,442
2020-12-19,215,465
2020-12-20,205,495
2020-12-21,237,456
2020-12-22,221,513
2020-12-23,237,511
2020-12-24,179,458
2020-12-25,187,420
2020-12-26,414,527
2020-12-27,302,546
2020-12-28,243,553
2020-12-29,246,611
2020-12-30,167,539
2020-12-31,217,461
2021-01-01,194,509
2021-01-02,215,579
2021-01-03,220,559
2021-01-04,270,671
2021-01-05,469,792
2021-01-06,237,613
2021-01-07,202,505
2021-01-08,284,619
2021-01-09,194,517
2021-01-10,239,478
2021-01-11,249,530
2021-01-12,216,602
2021-01-13,220,532
2021-01-14,264,559
2021-01-15,212,582
2021-01-16,161,419
2021-01-17,154,422
2021-01-18,236,503
2021-01-19,260,603
2021-01-20,255,568
2021-01-21,242,694
2021-01-22,199,746
2021-01-23,197,558
2021-01-24,204,578
2021-01-25,243,648
2021-01-26,253,663
2021-01-27,249,759
2021-01-28,353,662
2021-01-29,1029,619
2021-01-30,631,603
2021-01-31,641,625
2021-02-01,593,760
2021-02-02,717,803
2021-02-03,546,903
2021-02-04,603,796
2021-02-05,600,749
2021-02-06,398,705
2021-02-07,306,611
2021-02-08,335,736
2021-02-09,318,837
2021-02-10,347,885
2021-02-11,344,839
2021-02-12,265,701
2021-02-13,250,581
2021-02-14,281,728
2021-02-15,311,1005
2021-02-16,289,1461
2021-02-17,333,1664
2021-02-18,522,1579
2021-02-19,342,1339
2021-02-20,300,988
2021-02-21,332,984
2021-02-22,338,1087
2021-02-23,380,954
2021-02-24,841,1021
2021-02-25,604,916
2021-02-26,1808,900
2021-02-27,347,754
2021-02-28,539,799
2021-03-01,400,978
2021-03-02,407,953
2021-03-03,417,887
2021-03-04,348,831
2021-03-05,317,816
2021-03-06,269,695
2021-03-07,256,654
2021-03-08,332,794
2021-03-09,307,818
2021-03-10,366,861
2021-03-11,293,1017
2021-03-12,260,889
2021-03-13,211,657
2021-03-14,230,757
2021-03-15,265,816
2021-03-16,246,955
2021-03-17,270,878
2021-03-18,286,752
2021-03-19,268,842
2021-03-20,248,724
2021-03-21,231,711
2021-03-22,249,750
2021-03-23,276,711
2021-03-24,252,696
2021-03-25,243,883
2021-03-26,271,754
2021-03-27,209,923
2021-03-28,282,618
2021-03-29,269,700
2021-03-30,257,794
2021-03-31,234,1276
2021-04-01,244,804
2021-04-02,216,723
2021-04-03,174,911
2021-04-04,161,767
2021-04-05,239,771
2021-04-06,253,716
2021-04-07,1600,750
2021-04-08,288,696
2021-04-09,220,612
2021-04-10,174,498
2021-04-11,217,621
2021-04-12,241,744
2021-04-13,277,884
2021-04-14,274,834
2021-04-15,289,748
2021-04-16,288,681
2021-04-17,223,581
2021-04-18,215,652
2021-04-19,272,748
2021-04-20,240,721
2021-04-21,309,718
2021-04-22,310,838
2021-04-23,331,731
2021-04-24,225,656
2021-04-25,278,739
2021-04-26,372,822
2021-04-27,326,744
2021-04-28,336,748
2021-04-29,310,717
2021-04-30,273,602
2021-05-01,246,462
2021-05-02,274,516
2021-05-03,286,696
2021-05-04,266,658
2021-05-05,270,616
2021-05-06,307,662
2021-05-07,244,587
2021-05-08,227,619
2021-05-09,182,534
2021-05-10,239,631
2021-05-11,221,640
2021-05-12,239,633
2021-05-13,263,670
2021-05-14,258,624
2021-05-15,252,472
2021-05-16,235,562
2021-05-17,275,740
2021-05-18,310,755
2021-05-19,316,759
2021-05-20,313,565
2021-05-21,285,604
2021-05-22,238,611
2021-05-23,262,720
2021-05-24,280,948
2021-05-25,355,883
2021-05-26,312,788
2021-05-27,277,730
2021-05-28,252,644
2021-05-29,274,561
2021-05-30,272,557
2021-05-31,295,652
2021-06-01,250,599
2021-06-02,230,662
2021-06-03,254,1041
2021-06-04,243,864
2021-06-05,168,671
2021-06-06,187,673
2021-06-07,257,605
2021-06-08,239,598
2021-06-09,250,597
2021-06-10,296,658
2021-06-11,259,571
2021-06-12,224,530
2021-06-13,214,582
2021-06-14,231,709
2021-06-15,305,665
2021-06-16,195,585
2021-06-17,264,585
2021-06-18,216,599
2021-06-19,156,456
2021-06-20,205,664
2021-06-21,249,571
2021-06-22,257,598
2021-06-23,186,484
2021-06-24,243,506
2021-06-25,262,467
2021-06-26,160,527
2021-06-27,166,550
2021-06-28,264,580
2021-06-29,273,542
2021-06-30,264,531
2021-07-01,262,552
2021-07-02,293,459
2021-07-03,274,503
2021-07-04,221,467
2021-07-05,232,420
2021-07-06,256,455
2021-07-07,226,433
2021-07-08,202,430
2021-07-09,232,409
2021-07-10,176,464
2021-07-11,292,403
2021-07-12,296,445
2021-07-13,334,439
2021-07-14,264,432
2021-07-15,259,424
2021-07-16,251,409
2021-07-17,210,436
2021-07-18,164,469
2021-07-19,291,1167
2021-07-20,272,864
2021-07-21,299,795
2021-07-22,234,881
2021-07-23,201,732
2021-07-24,138,935
2021-07-25,175,973
2021-07-26,216,1140
2021-07-27,255,1058
2021-07-28,263,804
2021-07-29,203,739
2021-07-30,229,974
2021-07-31,206,1005
2021-08-01,122,921
2021-08-02,217,938
2021-08-03,230,831
2021-08-04,404,690
2021-08-05,345,710
2021-08-06,204,697
2021-08-07,247,795
2021-08-08,237,1468
2021-08-09,287,906
2021-08-10,253,989
2021-08-11,234,704
2021-08-12,210,681
2021-08-13,203,610
2021-08-14,205,614
2021-08-15,192,662
2021-08-16,158,613
2021-08-17,271,619
2021-08-18,389,619
2021-08-19,348,564
2021-08-20,230,546
2021-08-21,209,493
2021-08-22,202,555
2021-08-23,202,620
2021-08-24,193,526
2021-08-25,249,568
2021-08-26,243,555
2021-08-27,232,585
2021-08-28,215,668
2021-08-29,197,588
2021-08-30,236,668
2021-08-31,223,778
2021-09-01,325,562
2021-09-02,285,588
2021-09-03,218,561
2021-09-04,207,483
2021-09-05,209,608
2021-09-06,253,623
2021-09-07,276,589
2021-09-08,329,605
2021-09-09,219,650
2021-09-10,256,785
2021-09-11,144,674
2021-09-12,181,686
2021-09-13,228,1111
2021-09-14,191,1059
2021-09-15,244,1053
2021-09-16,240,1424
2021-09-17,216,1156
2021-09-18,201,977
2021-09-19,141,1254
2021-09-20,264,1350
2021-09-21,250,1089
2021-09-22,205,1287
2021-09-23,215,1623
2021-09-24,195,1181
2021-09-25,190,1012
2021-09-26,154,960
2021-09-27,242,1005
2021-09-28,203,831
2021-09-29,282,1015
2021-09-30,248,820
2021-10-01,247,825
2021-10-02,209,690
2021-10-03,229,760
2021-10-04,272,1190
2021-10-05,247,928
2021-10-06,252,817
2021-10-07,256,729
2021-10-08,224,753
2021-10-09,190,676
2021-10-10,188,817
2021-10-11,296,782
2021-10-12,232,1033
2021-10-13,261,908
2021-10-14,312,858
2021-10-15,291,796
2021-10-16,219,648
2021-10-17,255,608
2021-10-18,302,804
2021-10-19,291,841
2021-10-20,513,880
2021-10-21,410,780
2021-10-22,301,614
2021-10-23,277,587
2021-10-24,251,678
2021-10-25,259,788
2021-10-26,316,798
2021-10-27,283,729
2021-10-28,254,791
2021-10-29,264,813
2021-10-30,228,649
2021-10-31,232,646
2021-11-01,336,856
2021-11-02,293,975
2021-11-03,295,818
2021-11-04,245,770
2021-11-05,230,789
2021-11-06,200,685
2021-11-07,228,792
2021-11-08,315,922
2021-11-09,285,1032
2021-11-10,276,996
2021-11-11,276,799
2021-11-12,330,780
2021-11-13,194,648
2021-11-14,196,731
2021-11-15,384,757
2021-11-16,286,770
2021-11-17,275,861
2021-11-18,281,904
2021-11-19,296,770
2021-11-20,210,608
2021-11-21,276,638
2021-11-22,291,708
2021-11-23,278,596
2021-11-24,504,674
2021-11-25,380,632
2021-11-26,229,660
2021-11-27,215,561
2021-11-28,257,526
2021-11-29,283,670
2021-11-30,312,621
2021-12-01,254,600
2021-12-02,249,600
2021-12-03,237,593
2021-12-04,223,450
2021-12-05,278,460
2021-12-06,315,554
2021-12-07,338,574
2021-12-08,301,575
2021-12-09,297,682
2021-12-10,311,593
2021-12-11,210,524
2021-12-12,258,573
2021-12-13,373,566
2021-12-14,298,550
2021-12-15,329,549
2021-12-16,334,548
2021-12-17,230,578
2021-12-18,228,520
2021-12-19,238,461
2021-12-20,310,473
2021-12-21,269,531
2021-12-22,304,537
2021-12-23,302,487
2021-12-24,198,410
2021-12-25,203,411
2021-12-26,266,502
2021-12-27,250,524
2021-12-28,319,474
2021-12-29,303,471
2021-12-30,266,463
2021-12-31,235,453
2022-01-01,170,633
2022-01-02,216,746
2022-01-03,299,802
2022-01-04,275,782
2022-01-05,297,773
2022-01-06,242,634
2022-01-07,292,597
2022-01-08,230,511
2022-01-09,219,515
2022-01-10,271,576
2022-01-11,287,522
2022-01-12,277,602
2022-01-13,277,573
2022-01-14,216,517
2022-01-15,211,492
2022-01-16,173,483
2022-01-17,218,534
2022-01-18,232,586
2022-01-19,277,753
2022-01-20,241,616
2022-01-21,214,533
2022-01-22,215,473
2022-01-23,300,558
2022-01-24,232,545
2022-01-25,242,537
2022-01-26,261,574
2022-01-27,347,717
2022-01-28,300,663
2022-01-29,235,471
2022-01-30,217,621
2022-01-31,266,624
2022-02-01,300,673
2022-02-02,257,862
2022-02-03,277,818
2022-02-04,222,631
2022-02-05,177,592
2022-02-06,216,593
